init,final_val_acc,final_val_loss
xavier,0.6895,0.6138224433353666
he,0.707,0.5816146133676303
