lr,final_val_acc,final_val_loss
0.1,0.735,0.5151595244815155
0.03,0.707,0.5816146133676304
0.005,0.573,0.6919018208078749
