setting,l1,l2,final_val_acc,final_val_loss
NoReg,0.0,0.0,0.707,0.5816022093486531
L1,1e-05,0.0,0.707,0.5816110255046819
L2,0.0,0.0001,0.707,0.5816146133676304
